{
  "random_seed": 261476241, 
  "n_pathogens": 2, 
  "dt_euler": 0.01, 
  "adaptive": false, 
  "tol": 1e-06, 
  "t_end": 36000.0, 
  "dt_output": 10.0, 
  "mu": 0.000555556, 
  "nu": [
    0.2, 
    0.2
  ], 
  "gamma": [
    0.0, 
    0.0
  ], 
  "beta0": [
    0.30, 
    0.25
  ], 
  "S_init": [
    0.860800656912076, 
    0.8694579432756311
  ], 
  "I_init": [
    0.01, 
    0.02
  ], 
  "beta_change_start": [
    0.0, 
    0.0
  ], 
  "beta_slope": [
    0.0, 
    0.0
  ], 
  "psi": [
    360.0, 
    360.0
  ], 
  "omega": [
    -0.25, 
    -0.25
  ], 
  "eps": [
    0.0, 
    0.0
  ], 
  "sigma": [
    [
      1.0, 
      0.5
    ], 
    [
      0.0, 
      1.0
    ]
  ], 
  "corr_proc": 0.0, 
  "sd_proc": [
    0.01, 
    0.01
  ], 
  "shared_obs": false, 
  "sd_obs": [
    0.0, 
    0.0
  ], 
  "shared_obs_C": false, 
  "sd_obs_C": [
    0.0, 
    0.0
  ]
}